ttf03feu1hgz1tnmjvtve5unzqb37nna, 0
ui5s89ofuayahmh695ta7o6q01rhoprt, 1
sj8z8b38ish20xbttdy670cduy5mcdor, 0
zholupqqytl7ezi2pu9kgskftsdgvilk, 0
mygq4r3t0t0mnacop7xqai2amrcnm4fc, 1
rhahywgw5c1guej0jqshyett1yfyyb2n, 1
tf9tgc99aqu2tld36ixblugzxrtve0vu, 0
udni3rlfbougb2bml0jei7f9sp81x2da, 1
f5psr203re0d6hesaf3ef8t7vendmont, 0
uatbnyhivgc516rlsayvy6waznpybgak, 1
vvwkzvklxtkooy8r39jvnwyuaxj7ledo, 0
xn3gez5ms6l5hsa9bwral5b7dpv58pym, 1
ozlvi5i03io6pd9nfjjfenyz7qldcype, 1
s0e3n8polmsfoe4zlz1m8o8zvrqe1ju6, 1
lmqmpkqxr458yb88zzsr5z1pj8ylsj71, 0
poxreeeov6phd0c7bxqvwhurqoptumqw, 0
r5yf2na81e1uewnysnypywi9o9fg9lpl, 1
gfn3bvnv2llubt7bc25uz9mzd0bhzx3s, 0
q6jaiji4d7h62flevw5uxttor5orpmhc, 0
nj4he9s7y1dnojz9fmcb19bepkmmtk0l, 1
vjviabxellcakwtff0yh1qdvygybh8sq, 1
uy22r33dlc56d7uggwjc0ctv36bl9kw0, 1
u88lbnv914wx3bfw206l82zrp8vbqvzh, 0
pvvsxmm9tmc23use4ldtpsn4bb76nv92, 1
ytyl51ak93w27un1sjz15btpuqhcgdps, 1
qar6bz8hceqq62v0v86eei6m2zo21kaf, 1
ymdi49qvc9rp2djxihtp5cxcdf2td18s, 1
mo78rbv0txp08095i533r9hv4tlz8iud, 0
q46f1n69z8yaxpfxa298uz38cd1qz1yg, 1
s9qb2in7rg1gdo02n0ourmca637693ma, 0
qhme3rp7h9l1nszq0l1laki7177ydg1a, 1
kppe8t59ai47k6t7sxvdkjv6t9tderme, 0
kl7wm7lss14xbjoqfwtskfl1cqp934pr, 0
wa5np3f0hfzyrwptbltyqb9rpmc47ohv, 1
v10rnvme3vpjhv1v2kd2gd2q8fcrkqt4, 1
w1i02jy9t6r5v43xmse0086349t6t3ci, 1
r31yr04fib4g7yb3d0694khzzgj16vz3, 0
ox3cd8sh0izeblfmuai2wjk4kxvq051t, 1
rlo2n0cn5eaf2s66me8sybxxormy0hk0, 1
sb07mwy6bq2lszd25rns1q4fvllj6xea, 1
fpjxp62wfg9zhcayp9sss3kiosg38qec, 0
uymuja52fgv8r5d6iwoca6hqqg4fles6, 1
sho8cfvhgbs9r9yg3snfnqd2vmkcxzen, 0
olnqh8agbaigb4yockktimyp58zd24ng, 1
qtbwylanupg0dinl0sw14macms7qn1ar, 1
wfife05nv1oj1hnf1yne5g43hxhtux4b, 1
uztxfuogh8r3eut1wbbic1feq5q6dhg0, 1
yte0fv7kfeuf2465b4fs92nipaqhrp2c, 1
ujl6ck9ni295dgme0pb71ky3j8c88q1s, 1
zwyeaq4kjjtj5g7den5ff50n7r40w03p, 1
o0cfs43x3lk7zr9swdxx74ukbmh60n54, 1
nps82s3sx6ecrtjh4by86r5cbrmp54dj, 0
u0xevl6yo7tdw8u2didxo4div6nv2prw, 1
mk5loeuqhp27vq8j5guj3tz227sso9gt, 1
ffor8fcoz46bxiakuaxewunlgxpj67ur, 0
rnwi94v4cy2ug56h7056uvkpyojhkh9t, 1
thofcayyo0wrsux19piklzbf2u7xzzuv, 1
y3a8yww1i8gktncmkk5vdw89gtrtxa8g, 1
v33u4x6ssyllg4pw02o5vz0bzjd2co98, 1
zo772ipbvkzec14x29chvs560tvl2jyt, 0
txyshxup9dezi06wwt7prncxf4zuwiym, 1
y5t5xo9cvpchx7unesmq86a6rievcmki, 1
zp5i3a6w7bvlmnjd99l6dl5ru3jstgmy, 1
xn20lazwnz7791lgu9bluwitjgyu7p1i, 0
pu151ylml4vkcxt4exe2pzlfnbudy0rg, 1
p46q5rthxx7s2hndz9c53akgsnv3kj76, 1
pu7h5lqvrutxj1w5bqdnbiatsqs0phrs, 1
j1hnx3236n6qmwnou7v2e5eq3pt0h8lx, 0
qcqthfa4z3u6ayklvhyq700yr8ji8wlc, 1
pdii5mtu4o1nm0ahgm94izgwf4n25jof, 1
udssxov798dtp178hshkjbbecfmqv3go, 0
z8giagaiz3fhm0caxbjjyhknuspk97hy, 1
getueh1xka6ke1wwqlfr55tbfcc3li0d, 0
tz17bcg6o0uo57edm0w71b1gbl1wox1o, 1
vsnwddcb4yu7mlgvzdny4tei1bn3uh9l, 1
w72hbav47cwgg7kju5dpvz36rs7jdq8f, 1
khg510vulxal6vv3d2op5pxhqje2y5mw, 0
vetsk1163q49fcpylf3ktiqdavz9eazr, 1
nity9mzncvceub7fhuk3piq1pmt6uam0, 0
g8svjzcg179dbwunuoucq7z27w97cxkr, 0
unlk8hjo0bm218fhq448jf358hk6ipuv, 0
ktx9rw27zfpku3x0t2401k7ystgtblpt, 0
j5sj889lovs3882gnp9e9cbegmym4m5c, 0
zxz3d6pwlz7ev4zj0bf3c9p5frg1q88z, 1
uv79t3kgcdfnweemmumi0lu7l8c211ot, 1
k9sxev1jjx386v5m7pwxkxs7l3a30cbb, 0
jm4n638xrhl2ifimd2y6dsc10ewbiamf, 0
na97m9b2tn6qc5id3vgg6150i6bbxtej, 1
z8dwt3vluw5o3v20wnlkopyunzeetqr6, 1
rvs5wzt60srkwr0janffjj8e5ne75hzd, 1
xel6b5qraxf2dffasf31l51fvbjmwbz3, 0
r7lajuf7gckipke6o4xrsa75siia6yv5, 1
u30duyg9y7ey12lja1intl0j8uhvwpmm, 1
sfhyl18thdesju5a5framxbvoeryezri, 1
ja74g9v2l4kq3ni03nl7hpghv6e2omd4, 0
og2axnqwmcf949topqg5bis3zvdvk831, 0
o1ehf0r5qt46jfw40qetjya1ar1kbyqp, 1
qi31tfzgs3x5mwkomvi6mo776hzlqkdl, 1
rkgubgj5a8olfxde6bcvyjnrcvbwafj5, 1
tj3377aqwj91ym0sukp1rhc9sjvdmtvn, 0
touk2x1xl3en7tzvgdkepdfzqkk0zenw, 1
ukvwb7zcorzhbxwaukvaxmwp0fbndytk, 1
sx45027bo1rw9btarmg86106ct48wch7, 1
r4vdpqjgccck6j6gcjj16u0uv4yah474, 0
s90jyblhajay0rmsr5i22qff74mk3yax, 1
unylnghwipf10shb0akewn1q48wz8d34, 1
p0fatv5xkc92poytzgk2to0ofm2icllp, 1
y2a9t4nfjcmunwb0rb5je7w39wnlapwu, 1
r9k7mnuhvckgtx56lp87e3wg2109qg3a, 0
fx7lzecqivcn3jehk1bwyqtyz9itultj, 0
tseo0irovkl5y4fym5fdox301wax0txs, 1
rgln1p8q5v2e1yauukl5q50irxo6vr1n, 1
wenludazo5m1f124ecptnxnpnpbypdg0, 1
ta16clm1kzt0zbzf3d6s70oizfd6c692, 1
vgkoqjsffd3xtvcrh5v10ugvqrnez6ig, 1
z4pdg2srhqkdpvlvbgel2s6tjxowdx0c, 0
r5ukjy0vnhaf998m0vj3vy4obh7bj2fw, 0
voeeaxyrxuqlmmaa8m761sdz0515fld3, 1
gvsd6pkn8q0yebwrtckh1m50mqtyhcr4, 0
wt9nya21wuy0sxaujhqzhvgsvxdcx10j, 1
pp0u6rl0p1ln4hddlgg31slky76h5j9j, 1
pj2qqd4zurwzvobqtc2mn96iyhjint3f, 1
ow3f21sxbyg1bxdtvaap3db9vwcd8t87, 1
q0iw3lsq9jr0y12c01borhqxwkp6zdei, 1
t0vt3d3tb1o0vjmb80zloz0x3sf3zbvw, 0
yrkkwaiasscel0uy6z6wqvq1c8yk42f9, 0
t2sqvibtomuzwg1udjpial7segz7kncf, 1
svuzsdqynyechdlzsdfut8j6b3wg0ikl, 1
pygauu1g7homx8wwoq7iugqqwokerl64, 1
zq6kpnfpjlfmrftu4nvac56kq0wl7om3, 1
wgjxtcluhtcxb59qn8i7ypk8zdtkskbx, 1
qv8ut94qw0cq8mmkxam28mpui8e22mpe, 1
qukwmh25xh9k8c5r07agtv61py2ltc5r, 0
mamv0drr4ftbyx81iyj4yf23ekjmo2hf, 1
wrbbdpcmxk2lmm7e54cia46zz2bt8qjm, 1
twg6z9limmvra3fyw21zm3zm1jadxy4a, 1
t0xgir6j7k7yjutaveshopwabtrcvj6i, 1
yusxnhlkcaxg1sidu3vikbu40mzzqtfx, 1
oe7b00uof2yk339nv049s059fqgv2ons, 1
ooh8k6ytkg3s51ji3bfhgl5hnci6wxqk, 1
x91sgpo3orgrnv7kgm4evh04e63xnma1, 1
h0pou02ljeorgjh2cns6rmrao6lqv0ld, 0
ov77epn890qup4nxjgb1150s5oznpxiq, 1
ofzh4qqbs25v77243cg1telrmg1kbmsg, 0
kllfz7lhwtgmtvgq9p2fco1idbtw9qut, 0
gj1tp6gmpmjokc6jwnytfzz4967or8wr, 0
psygwc1e14u4j5czbv5jxyuw2fg5nvz9, 1
h49b8ax06f9sqsuirh9phvyqlu3sy73a, 0
vyd1hk7zmxssyyrm241ed26101kzlg9j, 1
xz9kq5pi9svrufp208of1ev6wbvpxhpz, 1
swamv8nzo0vdvxdovxexv3jdthlvve4n, 1
q00lrt0sxe20py38gawd540puej9xgwz, 1
pq43pjniyz8j26z8qw5a3oazmi4z82if, 0
zmgyuqrw8b3zwtm54u6oe6bxvqgafszs, 1
v3vj9tgh0h5iw6xw0tps05zdjghwdfha, 1
n7ahspgcds40b63v6qfzmyry42aiswin, 0
mw2mjdxol1xj8vbsabkdvdpu1ujpe0lz, 1
uap929ahncb0rkfg970056okrpvmp0i0, 1
vxjmnw3coirh7b5h51ywr8syy6763f2g, 1
ye0m2zgrz8mpogdz0bt3ye4rsvs2babl, 1
hklqvkye61thnib88ljnesr78h3l4ux3, 0
garh1swxniqpesvbqstv3kh8q9n7uxzl, 0
zfpq7vektzz4qv9e2pcqvlx5rob35ole, 1
xe9ukgpmliwzlb9ak17shkofdcevlamh, 1
psalu25lxzbbm5njtp93adyixy8zhtb3, 1
qz914vtanvhp6gum6fyfffqnxwmifvpz, 0
vmtgjodlcx1n5h7b8wxpwrp4c3wtq4vx, 1
ug3i2vq3ea2wxtesx4wz3qy5gmbjt585, 1
ob8sn1lvj314b5hzfzpc34h9jucedldz, 1
peh3q7pfuz0equi16jd6iu1i28x90ghn, 1
qkaqjhh6fpvlpnzyqv302quljc2nfkd8, 1
r2cd9lidc16kbg9vc0rf4zpahyrpgfvb, 1
o74wgxwur24ytfsqbckfzc31z6tj6eey, 1
q1ubwkjdj2mo2kt2fgkihey6mw10y64g, 1
yodpmvqudmd5rof4by7jq7lhmga2nb3u, 1
m6zh5zcb6vci5r6y6p5ph0tv5b38dh0y, 0
wvot00e65iwuby9yz8uvsjolgq8kjz6f, 1
icqnkfpdbf1xa0n8h8zrcl54h5b8gyiu, 0
rww2qp54qtu36xf5fwbvz1ovnpkuzxar, 0
vnsalq5gaybzppovq0233yynjwi4r7e7, 0
wjx3blmigup9zc5rur1hrlqmjknis8ia, 0
ykilvm7h547g45p80wfgpa91nz7lzxwm, 1
nn0fatuzap40u34uxddnxl0cdaleukun, 1
wt3evuwh50del8w6gnqcsfbpmhgsivie, 1
yq892vg1i0hb5ksofc8miyrir3bb3ulk, 1
toboq7zlb4dpscadanrwgbgwy6cgliuy, 0
tparsf1s2ptnozytlegh1gsl4wfn7v5k, 1
v3nh6dxq7b6rbauc1a9sql0uphqia4tr, 1
si5aazsyhtj8t6rb3bvlfxf1v9va8u0o, 1
ummau23y1g4qc6mac9h7hxlittd06riw, 0
g8cwcl2tqoi14yjealadjan1gdgicexo, 0
nkxjvcv7wqt9ggbtlwr2sh456iewesr2, 1
xd2dz6ff9bg032xlqj330xfohja0rg2z, 0
kygxupz6k65zcsk2ahbowqzfnvtskwms, 0
jwljjmrsb1qa02wovmc9pohqdjv8g7bn, 0
rmjhrjgem0qw01qm7w7ois3br1gk7mka, 0
t3iycybl0crn0pgce5qr1zkz0jqyt5zy, 1
pohdovw95becwexcqnyt2v8z2itwtx8z, 1
pl81lpld8hykzegbsd2j1o19qyobbnnb, 1
ptzgflbawmegrr2ijg42eaitfktrrxzu, 0
oba7q9p3hvgsymlkrmp0t4tgo5arbsuc, 1
qy8jlfve5l4nm6soqhjxgu9zkdjvzh31, 1
wveeuh9lrhyp20manremn0ge4qg3yjvc, 1
nzkuwhkfv2rpkwv3qgrjhbg741kw8nas, 1
w9qnntnpbwfr8qi4fonh0lmch0czk5my, 1
u0mbmws5c6cswg62uid7r2jntv5cy2qk, 1
zl36k9sec3bshqz3i55s351bhr6bax5c, 1
nwgoofyukcmdygmj17h44aqyzu5csv8t, 0
sty9iuowdj1c2euep2vv6v16x2j5mxuk, 1
s4q3xs7pr3j1ddyg21ld1off3882ltzc, 1
zpr50n5uwoxgk6wmdjy8wmydel7lwm8b, 0
r6d8z8u7j816d5r283332mzy82t63l8w, 1
neg07e8gqu6b7ehsz3hjmorerxwa5fyi, 1
wnd8ebsdycxvs8qlmsrgz524h81lp6db, 1
ztqekus0y3hicjo83jfct8wrf5ndu0f7, 0
xk9zhcn1gawv25xrypv8m8aaxqnxr7ve, 1
ua31g9nzk3qg9m790f7qpycb3hhnzswu, 1
yvmc1zzlpejd3v8s4uup0avkeru416gn, 1
nw3vhp3ufx1v0vzi26xzly52zizbiebj, 1
thmabmycs8weqb8r3jlqxzadmme60kvg, 1
vht0xmzm2l3pat73uvg48klab2j05kq7, 1
pyotf4t5jnxw8scb8n9ir7zoj55y6s6h, 1
yt4v1um8prlkgby7eps52e5hbobkd6kr, 1
u2bw9yeo01a2fncsqj02sl0wkad5nm0v, 1
oxpxh8gg7kkhaaspyjbyurda9jf458uy, 0
qalw6cllxpw1msangxkyc51hqs5eh9tt, 1
zartxarmblrd0sv9chwo11f8qgx3miga, 1
rgnksxaw0rq9kzcodzfggkc2ogdloehr, 1
qphpd9vy05kypnrg0dj9xtli5mt9vcfb, 1
rb5yrgpn7r4ur3dy0i2lsp5zqezw7ui4, 1
y3jds7dvbdmoawsmajexzblb7os7drj5, 0
fblgzoxwvdp4kqxepsri3v89mol5u29h, 0
r97njt7fnbu6rso4vcq5dzipjh7k919d, 1
u9coc8533a4snk2e42etci3605mepvd6, 1
wk8s7vd9r51agw23m3uw5p7401lmwimx, 1
sogmkepke0sbs254wjcc18t6uxh0pi8z, 1
rwki31sew56mzg9lo8i7y1fjgcy2x7y7, 1
s54t89gcfaz3ainfj8uf5z6gv0rbgddo, 1
r7sgxxsfnrppw5qm5tloelpxhuufsxhj, 1
t01mibs5cxfp99m6svra5ekdg5cp7ggz, 1
s9yfnd5p7hqxaomkik05pbb0i42gyxo0, 1
nwjkpwgqkhhwg9uqto3sbrghbalnf3hf, 0
sgt48nr24pek2sexdwd7k2sbl8k0p5ct, 0
mszh3wxuayfnhpdq515wprfzgwcn39xr, 0
qdormdingn3pah6a4tjdckwyfpuelw75, 1
o6gjz1qf458jo6w5to2pjdkmohpkjsm9, 1
w2rl87pt5pw1tbvkb8l6p167nt3ax9j6, 1
seac6whxdw6oz0ce25d832l3o66vir0q, 1
wmccrgj65t2uo3vxq81zckie3ayzf6nh, 1
sslggat8kj1v7xon7nn6xu3h65gt02cb, 1
yfd04afwv020ayfhvok1vwbtdnfwxkq4, 0
qi75jy8mnmm4lncot2yfktroywc1lyyq, 1
snfpcdq310sgnz764u2w4vlpqo0ip930, 1
krkwtcdgdqkjnhundi619h66bxxy9gk6, 1
jgthoq5hmmhxak4hm891abxdukspko7a, 0
uahbra89ljxpu4fi4y4yn7nb7haz5w45, 1
nazxn8976erc79t9xemu7lb7b8i7libp, 1
t5llmqd4jnhbsbzzb6ergaaupsgg6llf, 1
pb8t6eqyne7tch7bxmtcv8vdzzzw12yj, 1
rqtoanf2sxdi1ceajq4fgyi5l6nih4wz, 0
nahxyr49riiwdlkmudgivocaawkxdpt1, 1
ood3gvs01n6ibcegt3ohxkn2gx3qh2kd, 1
jy1wqsfz1uy5gz36fgm3j4xcf93odl67, 0
xdhw388na0xf2x8n89e0gvhmdrqcnhqc, 1
rd6btxg8q3ko4ionab0rq2yzrbal14bk, 0
z612p9qjxjmu8jz4kx38n7srl3pzkix2, 0
r87pgl6jyio9ex15bkarnq3pgw4vtb3c, 1
ytre491y48uzl28scchrtm557yh23jyj, 1
ucz4v9yl52sejw6pfzzy4cx703dpv1ex, 1
pp0j0rvz2siu63wy70dryzgt35gz4w4f, 1
yzx36w64bumogm09a6sxlklm807jwix0, 1
nxach5amsgmugn3sqtagtuamvoa5p5o2, 1
waxdbo86ix1em737l1ni2qd7342o8stw, 1
y6lto8hgfqz5h2swtalqnpw33am9ohpx, 1
ynrmmu8eiybydr17rljraq6zkes5pquf, 1
nlmfo2hyoqr9f68y7n9kwcd7sdg9gul9, 1
tsl32vzjv3u78025xg0aeih5uqw5hpaf, 1
v1igrsnicdi5ncbxolnxk7znuvixtbn9, 1
uok8cg2evqv911qt9gefebuwb9r9dlyu, 1
p6i8cr4rovc9kqitxoc8z0qggmq2u0l6, 1
slyyr8g7tiur3prucrxazeqxnbgzkhqv, 1
s0h07uz4ag5x99otwr6r3v318yqh4y0v, 1
ra5m7zk5tmu44voyxptddd31xfzovteu, 1
qoo4t894st82c1xygu8nu6uq6tmpyitu, 1
z7bpp7i9fl60wmiw6kvx2v3jiltuonlk, 1
wp3g9e7qmiqm8wrbs3w9u35oo341e5xr, 0
qyz3azo87iq0rx7sft8kbfohoewmf485, 1
no5x8n983h4l2qg5e8uresfm4sdngxhp, 1
nb671e8efp684nvrltjzzf5xz9azohxz, 1
xclhfvp880mcpqve59m2c0xramldna15, 1
yf478p0ejafuvm866f6ctd6tsgp3wihl, 0
ffwo7k7k6f211begodrvj9dud6md74bt, 0
pgfwtnfgkkgrywg5mfo0e9xk6l3jtw1c, 1
rmkrcbb7g0lbpbgiu8u3h22htvrhwzir, 1
v9qnynng1roi43p4cb80nh22kjdjfsm4, 0
z7qzwzuqvpyc2zexbxchdw2r45p7qd98, 0
wnmcq9pgfso3ji7ur2s0xmck8rfe8ng4, 1
ozfeoltridozm6ws9xvqgoy8t9dkoj94, 1
gowh119p6nghepw05p9hr4jkwd97mpt3, 0
qbhtmjg45wq1zgrhh1he5brhgqfqrehc, 1
zhtlrf53cbaqgnrvcfe8fk977j9gmmqw, 1
t57dtfufgp6ndz9vb7ym6q3114xgn3u3, 1
vuvztm6hcdzvfscdjevuqevv2ouf4ivh, 1
wc6itqwrorpobghyh8q6dx84r58it49q, 0
rzf2kzj3ry19kdj8jxk28mb9mgwdzxro, 0
zj9drthcbzg8kicemro3bsflp96hoxyx, 1
xgnfceva4dhyp9km95r9ctuu8qelzoq7, 1
uaeeozs30niy9ejjtrxyqk7mvea8vx7j, 1
uef0j7pz0kk2wdjmq6hcpzf6nbdbvnj3, 1
q5bhzj8gm42px0dadkbipnc0fzf66ina, 1
ro2pemtrder4wbcxogq89y0i4zzoz6kh, 1
mle14mdnjapnme7xl7puz8ghf7nffdyt, 1
xd7szidv4qmajiyfj4sxi135o9qp79gm, 1
r9ice2695qgv1ngzj82py4jvxbji3api, 1
v5547oxq6vau5uutx1905r6vlmmd9bte, 0
yjo050j5ebkx1wg70nx6x9364byzwaph, 1
veez32qidf9tvile0r49jzsuymjhp2d8, 1
tkrs2bj3vrpadafw2zcwrkfy2yfgvsfy, 1
newl3lrtx8t0yajf1bf3vv65oapqit89, 1
z9dmhsr2qkbk20l0ml3lef954tngni7k, 1
q7uftqpqha6v6cisdr5l293apd4iwkwu, 1
xrwvtwxst3lt4jt5zo7co416a3d7magn, 1
na6coe94q9srqzkkszscx1oluf6mxesw, 0
zqlf8vetyonjy4u1tuzdpvr3ysohocb7, 1
zu62vyuvqd6vtbuyf099vfdr09v650ca, 1
u354xg7znxbfunr429lxrjwo0zop5dlx, 1
nxjvuur63tu2pzd7lza4w6d6jl3wvjyz, 1
x8ui5bwovg8sb21schiqs517j16qjt4r, 1
qyj4yl58j1jfubosj0wi2b7i690pp8ok, 0
fjfxp57r5k9uksviwmnpr4q6fikidpkg, 0
q57eas607o4848fki7ea346nxjdx3zud, 1
t9lfy722mikz16pry06ap6uyd1bgn0sa, 1
sc19ajou1uv0fmcmbfhr3516w7nvseh3, 1
wjn9nv8t8ra7fnjqi4gwjp3pujpgdlc3, 1
pmsi593kt3ef25ofpcna5d2832jv9koj, 1
z9pifjldh3kslgbrx8ovqhrij3339atw, 1
rwa7y1btwh7sgkl6vsanx6ij5ajluibg, 1
pku2hnfa900iffgrvbz7ukeifypqqmf9, 0
qig6bmvgk2uq4x150r16dymb6st4xs84, 1
w3fv9clk0sldafadnne13ln4tzelna0s, 1
x9plx3c29kz0l77db6jn8c671ua0us6y, 1
q834t8vr2gxjcle3li3lo23u6t48kkdk, 0
skigfv1g0npxdvb3y6gg1y4v3rdkoqc7, 1
z2j3dc9cqmhn0ki6e2jcl57cthrnsoaj, 1
rj4ra1dbyxsb8k1uatqe1breryond02u, 1
yytwhs0wo2rm1564zkl4rdu5aqu1p39o, 1
r52v1qcy75o5favald6lz8q62dr4iu12, 1
x579afssit7hg06kfyvnrlv6w7xpw4jy, 1
zo1i2llcwe92cv3ex3ksrnprv8c7i5ix, 1
osgvvenr4nfsh1lfj8pbnxv08vloth7z, 1
n9kp67l06pcgnnub260k9co8kirysgek, 1
w0hea80j8pet5d0rnzpmdd3hlat0r0v4, 1
xorpiaebcbs1coacmdl0xs0ef7m5cokx, 1
vhrlrwrenmu07joyz1ehdcfcez5zjxhg, 1
np2vrait6srf9alr5prk1yj0vnqirzmr, 1
nmp2alpksbcaeomnv5gxnjg4shia8pcg, 1
wud3r5qcvfhgo4927goao86a5urqg71n, 0
piupmm5n0guu44aeuu7guej61ca22ks4, 1
od34km4dv6fti1jn49ioqfx0vjju9ry4, 0
tn9lwvffyrc2rgx24kcjz9klkvamk5t0, 1
ppw4qyj4uj1sszkmpjwpaqvtmgony3tv, 1
px4l1tiatzqy1lyvaoila6kczcb7nbid, 0
ie3j897hkbc2ykyml5tp0copxlt3ux3q, 0
oz7478rxhki8j2pt5lbv6ycmdwuo7ezl, 1
vanhhso3ijbzr9ccweu22zrcgi1bt1gn, 1
x6g0ks5b4alugndun9287h8l52646e8s, 1
nask3rl7yie1vb1rb8k1nwuxcb4rf899, 1
ud017s8xp93h89ovhto0p3snnydnf9zi, 1
tqn42tjxouqebn3sbtm9qg1zaepsi6hu, 1
xg1bsvezn7g1kip20siw7mr12u5n101v, 1
nnpa9xwcgqur69pllylk2lwllf557fao, 1
re3vpgqf8c7rbbiljzi28sgsokyc868q, 0
rmq6b4x6u4xpvx2h3wwwdvqj2cjuxs5r, 0
s26raejnfohancuxdg578fodnr1nvw76, 1
tqsgc79kzb2qy7oon7dahcmbr0n67sjm, 1
y3giapermwbentr4bvpgge2modjvaejs, 1
vphtjoa2tj5m2xqtln8vb6izo5e2pbnj, 1
no8kb8cbvgmhrfgbddlzg9rilf7svyt2, 1
o5rdypykvwnouvyhpc6mfuujzqpmlius, 1
zxt2hkovig7f7r58devitpzaefynjyi0, 0
ykrugzf3ap95zehyzoimfmqxnaflhq1c, 1
fpoetstxst5s40is1z2cfur9rtjoj4ct, 0
h4avotwsl2cv6bpebna8oqq69f261s1s, 0
nqkg10tb4q7tm1r4f4d2owkurmw7rnp5, 1
tazoksue2kri0sntphxqp6mvlct9pmqc, 1
jvqv1qfb40z9irxulggltmauj0adrkzi, 1
w57x0cvpqrjegkzxfs7w3blhvevd9ssx, 1
ogxjidrnh4w88b3kwdnttuksptevxizs, 1
va3kkzglv14jrkapvqeo7xfh90z414fl, 1
wyfrfrt10qijed9iss8ebrcc2zqobgns, 1
tapgk8mta132rfq3hhto63w9kmu4qpj6, 1
zmrxim5vj6rnprq5wry5ghi1d68zld8v, 0
ldilko85zabwe27wlmiyjvcff2k0ydzd, 0
rol2lk3b974npl0e7d53lez8octgy2wp, 1
ndeu7utsgksbahvpqp4tshipnygng1ii, 1
mcg7s0b7f8f8zygtne2koveo7ablzkjq, 1
r3pt92rlnkh5d4o2y2a5qmkjz47psl2a, 1
twkj8mwqk0uzhcmpkbb339dntobn01al, 1
yodaxvscfc5hyw1jsxkyn1ulp63z59vv, 1
un7wu7zrrbpfzvnqimgvo4f2rdqotdp1, 1
nrpzjl6xzvqij6ky7orkae3ga40bopks, 1
lqvbzapmz9scqulzizcne6v2x9bxftqu, 0
zrytlzibgrtpp31rr31mffhq2wn6vv8u, 1
ifhfrwm3ue91cwnbnmjerep6ttqhobx3, 0
w1t51bla5qjq5cfjpft00rys71f0go6z, 1
xmqojr8ps1p6vf9alqbn81obx0pn188c, 0
rgvv4utssovsxw1f1wglm70i638bq4cn, 1
x0q01xmw5tya1hj463edknw5d8opxru6, 1
nhdl38x6d3pfgfv2chlm7vmew1fcza8y, 1
uo0f3jhvp8xr7i4wjjtchg2brxgid0lr, 1
o9ld579us3fxs4g5c5swcnytr4xdt8iw, 1
oufcpwsebvxb710afwlncy3ow8bmufi3, 1
rsfdbxmoiyu8mwb3pysricuxcocvogwa, 0
n00mdt6fakyapw3ucrovjaq2a6nvqem0, 0
zvpao8g6a407az352eek9cgkagb18ye7, 0
ujrrs6why2kw1omj81acyka6wbqp6ml5, 1
nzm3w9hcdrqt0bms6tkkfbe8infa0k55, 1
wqz3gvo6s2q2wbiyxd2bccb6wcquprke, 1
ze1gygg68ggqkwla9ynrnsdagowvmr8v, 1
shnpyktsbsyk4yjywjejtxtknymigkz5, 1
v9a2wput7uvwxa8d03mi2htzlozcdm2u, 1
unvh6gfsf7m4vbe9cfuxy2kezz1vpeyf, 0
u9etwiypln2jaff7z52culg1lln5ipso, 1
yfrdj3np8zn64fofw3y24wdti3vb4hsj, 1
yhd45b45a2eqmpbkjcvi4ojvw5o905tw, 0
x0op8alzs8l06cgptlozl2qczixyjk90, 1
kqbsk8n7fwe9ozzk0gjqoy0onaiowbjg, 1
zqkthjbv0c9uiyqpu0w9okrbpfue5k6r, 1
rjhbszq1zmhgcynsw45jkrp83dq2ort0, 1
vnpqocgnislk9uijhuq2qtnfvbso4zuw, 1
tuzupu522tyugle92iqm5ky2ecctp51w, 0
vdarzunqj8p0bxshorf88pjoy0kivclw, 1
hk2p5rkb3h0ehb9kl3hksh9edf0bv8jh, 0
vjcs08srmsakg7gc1sly7qq6j8cqblmj, 0
pcg6wfdwb7mvbvxoraevw8k2fdooqca1, 0
xirkpr2yxz12jp2k4f1jyyvorp30bdtm, 0
w8jtej5839n5gox6cxk6tubjpmw4iuqt, 1
priv2j9rk70mpmi8oe08k6mxab3r7cr4, 1
zkazdztkp7nhbbuxa780wn44yqh7q5sq, 0
v9mjhbjt3tldu8d6dgdxbycbmt0gkyjh, 1
nrmy9amwztul3l9zbx0waxt0arlhcu82, 0
wg8tvzz7qe464gryjcezxncvwbdhdrjd, 0
vzk7a7gpgb2und3d2n08zlk1uirn9mt0, 1
tblla7xku8jsivbdbqcrry7ovigk0a7o, 1
sbpbrchdgip44qvykpkcvwwpevu0t4pb, 1
rzywnw64lop53o0bvg4lqv67ukcr5n1p, 1
ucum7wmbiolyuu7ayxz8bbst1qmgg62f, 1
velv38q6f9fj29gsje5gfnt6ply26hil, 1
snwhl04cwpzmditq62dgtfr2xtjx7hq3, 1
zq6jd36wp1jy6ukridbhh6sxcasnq4sp, 1
vhsboycrx5lebo3wejiurd4ilivl7fsq, 1
z6wy9hxeg9u48bh42pxrljnrfs7vr70s, 1
ws1s3bk974braxvncbt4fu7ycaama967, 1
fjkc1udrvseaaphd6kytmnmsjtimdwni, 0
flkv9jewl09077ifelvlhudteiua9ezv, 0
si90wdy2j4z21x487oll3nwc53aiuedy, 0
um22v42fiys0ipabtn5lpml02xaipy7b, 0
qti0wvq1kc5emfj3jada4wluyrlk9ywp, 1
nj840irhda7y4qyqguyvvwfm2zy4eun1, 1
nvzbsqdzo61hhk4hnjheo5hre5ml44uo, 1
vxvzjer7ju7npbm7jidc2hpsjetots7b, 1
s7kdr5oh1yvowsm3nlouou908xu96khp, 1
qdn0i2o95ovs69vqdqilcal8rft6iqs7, 1
p08vugb3zkbzrgpdz9bwscwsd5nctvyx, 1
shtzmkkmivh9nz6ybbtw6yj7peu8nu1u, 1
zcisxlb1xvrvwgtyww20zqsbhnjuq8rq, 1
vybkk5blwnbddnb7aunzt2vx0un7ia1t, 1
ss5ral7ssivx2qqyxhz45tdjx7b9soiw, 1
vwwquk98refv7xhe1zko0z2y57dmqyzo, 1
x3hrpssne26qm02whw3ri0h57zrrrean, 1
x3syt6kfj8ztvjj6uf6jeok4o6gmy7j8, 1
wz6b21lcvdqbqp0vjqg5tt4u87hbge7b, 1
pe4lmc92nnxpxh5i2kl14hmdype8hc0r, 1
t2u1jlci6ho72t8d99likj3evsvbikub, 1
v137hxrpjovnhth110l06dm8q03p75r8, 1
zbkijbuwdhu1i3misccqejo94vz1orrn, 0
xzbyn2hl2xnvnb9k2eo3941i1selsv7l, 0
klg5zpgsd8kun21cpqfli9yiy4y55z15, 0
ipvw7mv1esxdgm1rvfiwwddi344doi1q, 1
pi9n8mld8ubrn1efmgxyer2bc1ch2l7e, 1
xcm590s2dypkvkidzpw2hw6e1tsbksxt, 1
tvubixyzn2zosv4voesap3p33wqzvk2c, 0
nh22hst1fqj847zk839dm4gb86xfq7t1, 1
m69678lmt7zm9no6w5tam79c6mupp2eb, 0
ll4nch23t6fb7pnop2wmp808fsvf71lb, 0
yu1kp3fx8lj6cp9o3r0itrvekatxke4f, 1
ov1diun5iw7g8pnku2b9hzckn3wwse53, 1
mef928z4glgf0c8rqry7w4cjevynqywf, 1
n8rai2oof08wt57fkrliu81724ouj0a8, 0
of3acco07komk2emyt2onkm2d7nwnlyj, 1
s8t7ve6u6j11slozdbp8dct4u3bywqkw, 1
yu7q5j4acv6g4wiuxqu88rpen87rlrx2, 1
u4mixvif4dvo4rkqden5vnwh881lud94, 1
txzpm3v2rrq87pz3kj6cd24pnk4l7ol4, 1
xzlyadludi11o9acwh4xgkikcktosdul, 1
v95xo5dxm3imih0yp84zmz365qak6rfc, 0
yd6enyrh95te19ik9v2o23dk7fzwdn04, 1
mz8i87l4s3ksdcjf2k0wuhugea93ncr5, 1
uh5hubp8eof42g2agph2pk5d8fonohh2, 0
whhc1xnganscajmw7o8mxapycnn9b3u2, 1
qkgxi5sgtr59pfikpa9zx444cgj9je5d, 1
s9fc9p837aixkuimj82k8v7qg2wa53ph, 1
t1ngjvp213mcby0sflf2ita4n8zjec7q, 1
rllgewwdkl8h73cpyqk3k9bc5o0qpco2, 1
i3gsrbyc3v0ydedds1twpmsode419xii, 0
ygfsng1gbkmrahycqggc885okp4pxch0, 1
rscbeli4qb2ir5ie3ceggu00t8qe4o9m, 0
grvhn71z4vksg2mr6xqtumd98mm0m6q3, 0
pzis02tl0j7wrfp6d8vsg81y288y1saw, 1
oi14iu6bwnmuj7paouwh4ru8jvnxun78, 1
vkgxmdwe1b9rf8l3iu47kykdh680ci3i, 0
vetkfvlu3o64z4lu3o6jp95i8we8ccy4, 1
xptcf5np5bt5woxx1nng5gc26ssnbu96, 0
plrvmq07omwpace4yo8cf0wtdooyf9nn, 1
ret71rx81wrc8ji4a1ltcyyi74cmj3mp, 1
fnpw83ose7rrbdxlxq19nodbdk15x6qh, 0
yt80l1rokpwhqyatrgk9op618soegiul, 1
xryrvcia2ytxng2s09sg6atp9xjviksm, 1
ti4hvqcupgrfah46ryrbncw445f843i7, 1
oyom2mohepevicbj0exxmcfqsiq461mq, 1
j8b5y9iq4s5y7qqmas3awmj2kvim1f68, 0
yabu1uril4vpp9phta76vsqgecta13z0, 1
waurl4kymiaetjgwzmavtxj33ew4i2zr, 1
zj8lpadfsvljq6nl3vftt58dx6w7sg67, 1
yvqjj4e4eqku3kad1g0fnz22adwe6h1f, 1
zri85u9qw2lcpvipj5cw035in40306ru, 1
yec3z9c73z66zcdsnjxzz5gk23kfdamg, 1
so295r80r9rbs6yabkcqfxqmraa6dz6s, 1
s2byojj2jjnqiku9xdhc4h4r0tuponsd, 1
oa5ydquo3ykijkvyqq68ha7qk2doqnlb, 1
yrxgca1epuiph2youzrfec9o4kwar0ho, 1
k73rxotextrh9nc5pvqbwvl5jzbiqkyd, 0
qaovubtiazlorclwi6sqw8w348klc40f, 1
pk9frxlnrf61rbnekwg9cyzj6lpqj4xg, 1
o1ucrmoxgl3wr1ijl11pi2oimwqqsoy6, 0
nvomtjyg6uxrd2izr8tok59ihp40ok40, 1
ogcgahemkjospzhjqczbw4y3tigealec, 0
o3h1hlopjj2affr1y3y45kurujaiog2c, 0
zkkdtulwzp6pvmlk1yycl66qw6crgx2a, 0
olhjiwrpukjm6blqbmt1kjye8hswx0ig, 1
yspaqo02t44tsvvc5yrkgv0cbd6ic78d, 0
nmyxn0dyp0wdbqlhdwnf5zwnrgusphof, 1
wbmewutxremty6q1d8l4pse46pjiynhk, 1
w4t2iixalespguzghpljrauzguiyenmb, 1
w3hjep3c7hh7e1aj27wi9yw7tx5wbj8j, 0
yzikyq6kokbkjrc8bc1l7py6hn3qazyu, 1
qxfefw83ifkdn1cl7pjjnt1acho31bur, 1
xzepvd0tirkxb3nytbkrf0sbwyghh8ad, 1
w9u7x04r7fhgvafi5rg7n0y3hha2lzn9, 1
xvqbdinbxqr6sdbtblmhehigthrjebwl, 1
ua32ggca06588nhrq8cy457g6s2pp0lw, 1
p2gjnd8amud96ard13mp2bixykc15or1, 1
q6z9hz7yb3d6z3f0nzdmjiu7m80np741, 1
y3r7gq3f9trcpl9j4jm4gieoas6hu7yq, 1
mbyq5n8k3a27nifgt92dh00kqkvcc5ic, 0
u9alwsn7thhqehos812jm0ki856dt5tl, 1
x3pt4fv5uyc4ki0rkh9vi6p0wg5n3msk, 1
ugl0tirsixui3isxs2nyfphprnymrmtt, 1
rnq5va5o6lnglbnzkws6j5dnlg39qous, 1
pxi6bfat2d89rsbfg7pvjd2utt2a4xar, 1
vit57mhfs6496jmgfkw4drqdudm2k9zt, 1
kz28n11avuib6v55vy8rlulqb0jgqt0t, 0
tmy279heacpdsdbq9jy7e7xfrbs85i4g, 1
m0ouqhv6j322jjeuvcmsb0yk1h78nwye, 0
v7r4crtxx466qvsfz4jmjt56u7bjedlu, 1
pp0hu5w69czc4dfo6q5saz7yjvlshtbt, 1
zrqd3u8wmfktnq57xq54o2gmxc152daa, 1
iw13euruyozq1smd99p1khafkfg1e4co, 0
um52rknbvzvfs8slqxx6144dsf3fl104, 1
wra1t0lbvcq4z0t4l6t89olcwceky2is, 1
ombotk7z5pca6hzvglv3ryypirzt7oo5, 1
tdmbq3b2xsrmzjt2dm608x3ldiqvcdq7, 1
vlkg2m7kpmqjnfq5gmv24hkxiusv5ix1, 0
gsyuoaooz58g53jcz7xs85j9m2nrswpl, 0
tccqc93uzpeb50i6ixoxn8zci8td3m1z, 0
qc2oskxeoheedb13acncbicv0gqq040o, 1
zt3kedvyu2tx3iuod9ic83jdlqzzz71m, 1
pwnldxnhp8s87z95spuoti8na3mg571b, 1
n6ibvp6rg761jbtocsddfo98uc9ce541, 1
xwwtf6bhwuktks7etcxka17ue71yoaf6, 1
uyvsawraqbcyaumn2yuz6bwp7oy1zy3j, 1
wj30v32jxalivbh19iy1u42kw569fygo, 1
s9u28wcn5fvv1fwxd8lks70g92lffgzq, 1
y5w0zo9gjmqk0ujm279wln3awniv6egu, 1
o2ukr1j3c9t8axpk5xuqcqnl7bw8o6oa, 1
rjqtlkdxyrskqjlaogbwkqjp3hqqcyki, 1
vjwvtnl142powhwaosrxrt4qxdmku3md, 1
quoimmanaxm1k4zscjwiousym7qwbnjx, 1
oxeovml5j8a9xkk71hwvb5joq9kn27ix, 1
we8wqruyozimvvur7iotuz2kv6lw6ly7, 1
o03lt91g5v4il1s7crk1b53bs3k1j2o4, 1
ww98mcscd6afk8sf7rkp0wk67fpjymi7, 1
ly7f5pplx7678w1661n00qc8lngrn5qa, 1
n10hblc4pqwsvb1ksy1dm1k7ehw58wnh, 0
nfhpxxqygfptjqd7qxyy2rah29sp2cc7, 0
w4for6024wul0127qzhpv3lj0t1f37qw, 1
sygvba25zmde0pl3vookv4elpclxgoh3, 1
qppjc86xdm8vctbybywws97vln7o4wyv, 1
zlxmb8bv8akfis6ahs6xvi8bfv8dfank, 1
qlfozgz9elg9t88dn6stsfj0go1e7hns, 1
z3b927rtw46o16rd36rzoos0aia9qc7x, 1
ztr5oa2wi34ggx3b3due6auy1be43ux6, 1
via3pq5dkwl6w11ptcupmc7ipjeb3eag, 1
riar9o2j4j5lqlsxl51si6e9pk3j2fmh, 1
z6i4nl5wvhwftk5wn26nxnvqce9aoucm, 1
whtgtcecc8viibcvzlkwx1eaf3yv3any, 1
sk8smxia48rex51nglexo2sowfsukqaa, 1
ygpkfas9lmyel41eqhephfyb5ado4roc, 1
v7rif4bqgfhp8kvaz57z9487g36zxrr5, 1
rr1z75db05o25a49x817aguqyh7odvta, 0
pnphhzhuqla26s3zj1yvdaf9ubzrkopp, 1
zj083pg6qglmtvdribeirrdhkvggrhkz, 1
fsh9p6tuidcb93l424xkngvmyytfifdv, 0
ppybzen01jyafzq29jfoqarcu11hf13m, 1
sqp7x3hw1kmhcpsj05ih6orfp29th00x, 1
t69j563wx3mvavzq0pl7qnia6isvanry, 0
qvt5myytxc38pl7hlgr37747vyo6vptf, 1
z3drmljtlbv8gb02s9dlg4ryen2cgnfu, 1
vqlmdiv3ewlpsfjwdqychyin3c8zcot8, 1
q6srl3qfv76w0v8w5svbrabj19f878xg, 0
rdr6d8faxbfoxqot9d2p5z3tq7icwkjr, 1
w0gquzcmnzp9m3r3jkl0hupboo4we0y9, 1
qqvqjspec6sfrzp4sbcvmxylx7ionvdt, 1
w5dc32vpijahu4k197sc5ixgil3ak2ag, 1
vtp2s18u2enunwftb1n1y2omvdw3chur, 1
wfhbgs8bslsc4yimul5p50hsk9es15fh, 1
oz806gdkpsv0k2dc96719pzp11id78ly, 1
nyxhj9d3niuoahoogbwce4yifwg3jx13, 1
pdelpkk235aj596ueyqakjpdk35qmh87, 1
v9q52spqlv7zhqzza8bab80ce4us5wnr, 1
sztaxit7oviu7famklf34p6km8sci8ti, 0
xrns6pdaman3f2ammihieykxbgluzedn, 1
xelfh8qe8cjjkb4q2dl36xe8c9essgxt, 1
j7ctx1cb9xn9fucg5pv2xyoqim1do7o4, 0
ptjvmt2ahnuulnxyaiuxpyqli4fi071j, 1
ygro07djuvgmjxadw46chhfcilxq9kym, 1
nizejutb68ususezobkj5fndr89z0urf, 1
qvc6rungjj4dktt6z1vuomg4l42nw3i4, 1
w6lp2dilqeedi116bsw1x0xfgrr6800v, 0
wuliq8apsbozm1qpkun7sogrja2fh5i0, 1
speaf85osr48j7z6v051bya8jft87gqx, 1
rovxhitmrxxqwtrbdwdpayx17p2a9nbd, 0
u6gv1d6hwyqmmzpk0bqd3f8591q7wicz, 1
zivxetejzl17r8lncqgxiajf9bg2rjfz, 1
xr8j6pnyxh8vzj1pv5v99xjgv89b5n1h, 1
oe0xa3l7vu6zn2y6w7ce9zg9vb4tang3, 1
uvnrl00qnidnuwc1u2vy5zopwxifk546, 0
y21hlbpnre00z5l08vgpxx2nnu9qkzox, 1
mfm17snjnalrrjtejczyrr0ap7n8kt23, 0
po0q6j3z43igimsk5ntl7hv5yvjp5ob9, 1
nc73r0ntd65nvk1xxkevorf90mal86on, 1
sqlitxgyl9czdhife1a822edes1pzg7i, 1
kk4y5kir2v9e1f5argcbi732tbw01hav, 1
vtpof1paoaoyowu4td30m1odn7f6c8y2, 1
qyx61w4warxs24o3cz0md8mzavkcekh2, 1
nn3vvnti6zp0s2zevamozm7i3a6z1dce, 1
y3wp6x9z02qmcuoj1ulzm16cb3wu7265, 0
rp3u33r2olw679790o27vcu6qnd25j1w, 1
zt922mhez5rr62pn8rxt9ktcuwjjkzgt, 0
jiwd0s7jx9zsvng828nj6hedr5bdoxfc, 0
pd3kvpqs5jec2zdbkmnbw22vrko2tg9w, 1
rok5mpgtck7lagdzcf3myafcqjjea8ly, 1
ohnhj2gv40s4o6lq97vjisikye5awa3g, 1
s3ntt0lewm83t0kfiypvnsm3sd9mdrgm, 1
ry8n8sb24r6v1ygdp7d71ux7hczc4j7f, 1
u57qydx0vk037nxcknzq2ybetjinb7qm, 1
qm0jok73itm0p6rohfh9cs1ro33mfdy1, 1
zrserwyo6nc1ht27t76x5tn5pn80xvl3, 1
x3lnz9e0ju3uahdjcebiqwng3fc4pyaq, 1
q3pu2r44zdo0lnox7mztkqvawzu5a8xt, 1
tmltxvjtigdb7rdodhyinlmwdrgw0cbz, 1
vvn3u6w3xlycvdrnjltt3epxcd63mv4h, 1
tngmwqom6g2f1hcie5ye1hbcs8g6xv13, 1
njhy4denke8tmvak28u42tyi16aj5kkf, 1
p4smj4khzf3o1pqepxpvh8xyufs5xnfq, 1
qjma7ukwlioddwd516gdve6jxm4mvzy9, 1
rhqod9xilxr5ct41asxyz4dbvnx3hdg9, 1
ffad9ktpng43ii4t5klj4uvlfge3it79, 0
x7hvqc104io8njrm941et1kvvm6ekikh, 1
tigd89l4rvw6q97dyzzrvlv5nhw7wl1e, 0
rc8yb04uo5d1nnmqasn3kuudfk3r3unp, 1
o6crjslqxs12snu46de7y39ixd0d3xac, 1
ym85avq2pk1wnf1fw02m03w5ruv7f2mw, 1
z72nsaixsex0y8zr5b8jdf6geyq2z5mc, 1
p4ltpoo9qboe6xpjzz8y0lmrvnu5dd7c, 1
xnyysdlbbhpg31ikzhm5h5vfntwilezz, 0
tv4u2z0jzf3blitjlsyv3680k8bzxwzs, 1
vwvv6j09ceat9nroknmc311gypd8lvzl, 1
smeyjci7dg5y2vur4pzor0nxthjbst2u, 1
p1punvgx5xuaj3mvsvljuf2qf2kjkdxc, 1
o4nfexiuuremqfc8ajp1pu9rk49y39sz, 1
h9s69xsjmigptwh0r9pdt6494apqtpvl, 0
xsg1yqyb8tclescf45otr0p1k1n6eo2g, 0
p10j1hn35fx1bghtj3twmk4k051i5p78, 0
w6x46cqe76ebc94wcdu6y4i1t6q2hews, 1
p46ck2i241t4x9c1xaq9j637z2d9s7v2, 1
v939sy34po99uo1aat5fdxn06f13vnj4, 1
ymx3l4sxxtqqam7d50bjpskc003xq9df, 0
yrcmgqlzkv8im6boh6rdyefmaisbvb4m, 1
nhbyukehqijx3aui9exrzghom8fpzhaq, 0
xt4kt1g0rji6nrd76ogamw3mfreql8i0, 1
xowqbbdpkdy1xp5s5hpp019qxxfauaev, 1
n3uka3krcan8eexi2dmslo4i3emu1eav, 1
vyrepqprcri3hniwcmexn0undt9o9qt7, 1
o30bc75tqv8njnab1ibspf11p1fr7jrh, 0
zqlki5tjhw79x1egndxg2r2819m1xtft, 1
x863l66ek5lfgtwwzjl0czssg3iwl1db, 1
v09d3l0v2jf9hdtbtebehedqd40jbfuj, 0
u7qnpeygtse7meriltwp4w43b25l1nni, 1
y6sesz3godsjotajo73g84ojohbafihj, 1
yb859xcavvzuxi2iwrmmn9h3l1lu7oqs, 1
re18bth21wwqskin3fowlgl2ccxidw2v, 0
joekhfrl2m4edv0fhr2pwes5n9uoj07m, 1
uhb6eqxitsd9bc7gyuk7pek9k116vrqm, 1
z4l23809xz948s608bmlzgrdogjzohe7, 1
pw0jnmw9mlf8syuxgi4nbfxb8q7fx6qw, 1
q7jh6gmc5qdejwi45b9cd0ci8zy19j4a, 1
qxywao4lcujvw4o7gyk1t3zqoxg64hb2, 1
xinkpwn8al3e3cuvj65lr049ab6zvj2t, 1
tjm9lt1q3pihwltrzwwwa0d7hydifxzo, 0
zkghxa24s4331fg273b4l27ifg4j8b37, 1
thts4oiibv7yjyt19t5yz89iii8mn72j, 0
n55rkcnzcwg1kecsix9a5sk8fkmbnskx, 1
ps2kqyzqzm71e9gzkfackno3xfn8rakw, 1
n7a7fgj5lbeavxtdgeghwbmh7dju6pit, 1
ryd0er7x7gous7t8wv45m34canw8sufy, 1
p1kmwxllo7xrn6fyqx9g9w9zb0h5lvyt, 1
trns9f3cin1axcq2iz185xc5u95pywnl, 0
q5bvs8c1lio5cx5hree1epapd4ugo7sr, 1
yv9f4gvv6nc8p9s80ym9h5vt9x5nk4mo, 1
tf8ooic1inc1n3hk7xjlwi42utizzrbj, 1
yxdumsxi5f8gqjlqgm324hghm7gn8chi, 0
j8m7t1vjngzn2lnrh2u30zxs5ktfh0z1, 0
ocvx4eg9lup0os8bnpue4rt0qj1g3mj4, 1
tlo5zji007vs3vhlcj2v224521oq4289, 1
whovuiude3worqb2oojeq4j7j9wh7js7, 1
zz00ozw30h1fdr557u6d3oncbok5rs9o, 1
nic0nzhctc2qbcj8n6uniz3uefzkq6xd, 1
sno8ojmyv500wyd3ib8ajh8z1iil5kgp, 0
u6r87o12nr6u5nps2shso7fizs5q5wh4, 1
ksr2hxmkmxwuv1yp7hpj6i4gj7n8rj91, 0
x4pagoi69nsw722oq7xleox7a0yplaaa, 1
q9dko0skggtoyebx8ageno3ercfm8i7h, 1
y4po4ktugj54gjns0ptiwot026dj43k6, 1
mavd8m77gnbvyi1wnlyzr157f33nwtk1, 1
qk78xojog9kulguov9w4vg73l4glmn1x, 1
obyrjo1x1x0x5ux03lmh71a8n2e26wdb, 0
w1yjm1l695e89go83j2x5t1d7wpgcfai, 1
x0bxbyfrlxgv8yvohbgm9m3zpns68qoi, 1
srwaks8979aoqv65ii0c862tohvo5h3n, 1
rh5i3mvf2y5cukgeu9ls0as1trm4g25b, 1
qk4izqpvx6xm24m0s52uau6lq8l058oy, 0
vr3yacq2edkt9gu3g0wv9yt4s7ifcypv, 1
yz9u4wtp215cq1gw2um4pinb6s3t5ubi, 1
sq1w8i2ccvpwvuz25n0yixjy7q7xwxbp, 1
uts7ks2t2wc8sniiqnzzxlzuo8mu1kn2, 1
tswqq2rczo2zl9ln89zkc6su9c1pjkjd, 1
p3ccyh68m55ts6blamhyge5ahasr8ko6, 1
u5uf482zmagtbg2evvu8b9c85chdc0hb, 1
tpv91lwbnqhz06fd54zwt151pq5dlxit, 1
p0lw245tf5g69zoo0ikuuv0gjnp69b82, 0
qulsoe40zl91zdpv7pvex5nxdjldpbrz, 1
zcwrye1hy90ueisro8ws3j8qum8032ov, 1
q1pv4jeu9kotlgpw9bgirzo49q58isc9, 1
mhvgjuz5qaks6k7a1qega0pjo1596jy1, 0
qcqw5qq6nwc5o7jzlwmp51lekimfefdw, 1
x78zcmilwpi33cdq14za8c8vkgnrx25d, 1
vszdylyo8h0b0ljirw4jvt3t07wr1nq0, 0
zgkdl4vlnc93ng3uzj6ssilotc38l1mg, 1
zqrbpdueb2k36pvdz1m0dgmnhj880mhl, 1
xlv6hp6tzmndcasyfh97hf904fjnpwdb, 1
q9g6p6kgfccqv1a7vgp4pqp4hetpkvsd, 1
f5ebyhtw9e7yx4d9v00zx1dt21jws0we, 1
wg98rjzbauy6t8osvzkokbkobt2nkexn, 1
rikldb50zhp5w9a8803his9fohaqpxtg, 1
y3hj87k2u2oke3t8e2ck92gs21dpi2eh, 0
vdbsn220lgkuz6fd718v8xbl7uivg75c, 0
pc0d0lexltarwm47w3ikqqhd0cza9534, 1
r0p7hb20l68uvauuix9gtv92yf27ia6k, 1
vyuohsbsnhmjstulh8prpvuurruvs00n, 1
otyey6w6bl5l7nllqopyc7e2tn2he5u6, 1
pbu15blami1zgqgo5cwscen5kk9mktvn, 1
v9q7dt0q4doxjsoiyxyzwk10pr1noz2h, 1
n32xa6nmhr78elzhlhjvkw9rs9g4azzi, 1
xcuvagrth8riunt07kalh8omktfymzkx, 1
p01vcw6fzhnwv8gmrq6ugy882c77v2rj, 1
qcpwuhuqya72tv14jn4n8mghn8s4qftu, 1
sjjffcmn63vb201g88rtvizn73m4100z, 1
ip4tm9wc5ih62vv40fupmd3e68mzpb0y, 0
s7yqt2znw0np4gj1o6bsj7l9gb281m2t, 1
iwo4gsvgfkbrmdujagw4z3yi6p9jpoko, 0
msl3imdhjem4xtkjzrgpz2bzh2tcmgpi, 1
wekejq3iep5qlziup5h5r2jrchtujbg3, 1
ju7hcprrsnf0dyqamkdls3hfqj559ji8, 0
z8u2nw3sb2846fqahc41rqiu19dwoba4, 1
rvsk0rafleg3lb25beffmoq70gyuoxjv, 1
xw81x6acbf84lcyfe1n4mkfh5pmtisn4, 1
yppbe6n7um9d3t5y164myhbzfd0ffam8, 1
wy42jene6jqyx6jdj0pynj2jalp37b0j, 1
z6ilqo1inw0r4f3vptq8275ao1038w1b, 1
zcyqobpuj9oo7lv4vvbvhibbfkokdpoe, 1
ok5jqr4x5owiqdzlilsikpmeb8lnltbq, 1
wemel7zq6fyefywzmb63rtid76wdugda, 1
pq6l3ey22xc6e0jb0cbr2chal8pspsvr, 1
z5kqh1z652skh5skqcjpih2on8kjk9v7, 1
o08psh4l7ppf5akt33jf2pqy5nsn42uo, 1
spuixf6jqtdetsp7pj6cs5kib7zzy5a6, 1
tsyrrvyo4o8nx9i97jut483fbf9s36h7, 1
skw2e0hmtawi4mjtvmf85d3vsaurilth, 1
qxm92yufjxdx6bj8gi35rkvczdyoahah, 1
w9f9x3rceiqtnr2fncax3xlgl2vc0tw3, 1
mgl0nk8qp668ml3fhnj74hgvtr03otak, 0
so18cyazoepoizg485hjjks8j18lbnt0, 1
qky3c4h9xcu15c0zl2u84f163gixlbfu, 1
zo38pxu3g0b4ay895dghanyrwnb6bemm, 1
rsvxik3upzfhquwc2jei4wxk2t4unyk7, 1
p44pwx6xz1ce0o1aja9g9l8qbsijgmjb, 1
ku063ivjt9jy33mytho84ewe1gyrdvhc, 0
q9hbaq6kuaz583l3xk5e75ngzpxa6180, 1
nrxdkfpwekra5ay942k6fwn2k0oysmty, 1
x8p6bw94ic3rscx0pi4uxt5fuuga768k, 1
xfewdclle6lnberdkr9y2srvtchc39hu, 0
ypjrv8qai67sh4x0pvtuvxoas5g2to9f, 1
tnclgy6jnbldezkhyc437v8rcpz14uqr, 1
vlsb7eqh1w439o4ix44ass716p3d2tem, 1
ncpjutc1hbad9lqtiv1gdyal0sbjaubj, 1
s9g6sjfwjpmjcygfv7rl7dj19q5tc8lp, 1
r48a808zqsijzb4etfu34549qc4ht91e, 1
thiyu8qf9xgrxyveir3mzeio2j4v0mfo, 0
ttqtg03ihhtmvp3dzl001y1g24oywrer, 1
ze8qx700betytr92vsyr6v7jrteifixm, 1
swaze63cetsgjbrrxjw4yep2lgvalfh3, 1
pv2lfztafg1jtb09hrdq2dhpx9nxf5fk, 1
ziakpl7atn8vped3xwps2tfkbcb83e93, 1
zvln935nkeyfvynp1zcbm1bjxu2nzz02, 1
zuj549tmd9ap0qha3puyorppf5ws0jbl, 1
o18r544u6bgls3kacr8jmd3t3e47yml3, 1
was3cclkt89j412wsgrxvobc0hr6phvh, 1
ofr2y2zldldbtb7s3yjp0pitn76xy10t, 1
rajjwrzafqnswv8xkslh3xy2zqqifs5s, 1
neakt2phpiebocgeabqxa0huyqho9m1x, 1
qvjn71zdxv87j67ru4xr3ls8ts9m9n3u, 1
ttiq85szq6l2onslu1nljpcug2ka29wl, 1
nwo0jt5xqo0hf149ot1nxzsdr4vw1x2q, 1
pcp4iz9gn8pexuajd7xo6hj6qvjxiz22, 1
vlbkj1qd51c03cpg8c1gorwdx1fhcicp, 1
ziy00zdrxps9bmricegq1h0picd8qzw4, 1
o863lsesfuu77vvrxt2h3kehuyflh5jd, 1
t08tp6gz7fw3avlhziy3pgoaalwtv6ma, 1
zrcgb9chiy2c4x7jlx9rwr7yvrknu6vx, 0
y62bx01ufdthd4ggvmq0qc6fj3f3mpj4, 1
z04qt1ownukmz3zmkuoyxmqhopumknsy, 1
sl1thsykce4m4xeiznofu0bwjrqeddbb, 1
zvdnkdg2xc6kw9jjsokwxmljdamogpwu, 1
rdvm7si61muw526ec57d9vfamuoh72mp, 1
r0e2u0nz9ob8jwzgo6bayjdynk92i43y, 1
zyet8edl7ivmir4mrko2m0cy3t76uve2, 1
n81hfacd0fxk3hkdxagl5av3hxdlzaxk, 1
vrgmai8wl3mqqakoaeeio7e1xogznu51, 1
w42zmvbhw6w42tacs9gtgcvkkd0iuzsj, 1
z0lr7980kxnvbqlo5q1zu5ys6cziu2lu, 1
ohg78ie0ok4q8ve3xmt8op1a22nyuxyl, 1
u9y4xwiaggr44rpvkir2zqz065t8yk97, 1
u1y1fypd7inanaief20o85vjqxm2kywy, 0
uslbgp9c23qdoddoehl0rfzfl0mkcnj0, 1
ipns8fe742zxgminfec9aui6r71zn264, 0
y7klhh64r12328vy6kz4uvyw2vo44vtt, 1
x6pqw5pu5rcfb91oadj481050zq1113a, 1
ms5oxd5nrpxwhbhcs9eu75mkdqdjpnjy, 1
qry56cuet0vherzns8iovwf9zi94xmzk, 1
pyl0cth3nqvlvqquclivcjv7enzkgic4, 1
rptzzoul9wzj7b1cgi7q3eazn309tjq5, 1
niqqry5adhpsubxiv4xhjqaijm4dztnh, 1
uzbzpbn96e16xs6xon502nmzekp3asja, 1
xdm61aii0wx0i5akxmyrq8gr0wr8d5uj, 1
zjggug46903b5b5wk11n9y0fv640zhtl, 1
s0mgpwlsh9lp12b6y4gmnpc62wivm2f6, 1
qjahzcp1h1jmivqvyrqxe9xnfwhsspbg, 1
zkz3g2cs8t6rdukkiee8qy594bqp2b4q, 1
wfe5n3s0gipqg1cbt0k63y1lq7rvtjzu, 1
oxkr9p8c75xvg8fzs3uq0lv1znlsht3i, 1
m9ck1sb8ef6b2jtucqgxbtqmbolre69c, 1
o01277eetxrc71ivobldt4sbbipehruf, 1
hdf8vesh6iaie7p40eovlye1q5nq1kh1, 0
qvm2offfhji4qagywcjl6i4i2bgibefo, 1
w7s66vj017ri24co9s9ffynq224amk4z, 1
x6p4tvtd2kdp6i8gk2nsvcp616tjbgxv, 1
xnd6zi6nvo2czhtfkujw3ldhrdzjsluh, 1
l744e21r2ldpe0pyrozd0vcdg2ycur2b, 0
pq1pflol37y1fjqqq1t7gsq1ibsvnymp, 1
z8codrmxkv2b8glyy2dzbauzqw8oix1s, 1
sr1ezn9tehmfjcuzj4ypji77ymogr8p9, 1
iaiowb7x7uvz0o7u3tyl3dg8rlwd6gl4, 0
yvzklt4uyhmbri0rz3ys4w0ftyxqpygo, 1
vhzijmutwug10e078in1go8wkvgmzn3i, 1
svu4ngpczi0c35vwkysjl8pmjd28bbq5, 1
ujxdrvo87wf5xkzq2xaaqrt2abdc5ihr, 1
tzraad590scuexv22hu9uui6zutjfadp, 1
pkkotwsww4yy3fes798lh5g9wb5sjj6e, 1
ulwg32632yx3z3gxd7k1r8gxvbjnhj8a, 1
xi46ahsrdi41nhh97hx5buh965z2e4mp, 1
ping28bgegz0a49cascb1zrwkdbti12j, 1
s5mj82m8nv92gfwbyqi9omyrty97hkbj, 1
urluc173z51b7mph1wyt95z05mhdml6s, 0
hnzfw73rxr4m4d2ktyik8hxohxwoy491, 0
ud0o8hds6cu5mkf21qehh6z1rnbqstxe, 1
uim1ufv9ykuuwka38n0vdvuf88sbjn2k, 1
z4n9qttwsc2dcb240qsoaqqf6xklrru5, 1
h55rfe61t09wpwukvn7yvjq7vts6hzfg, 0
x5p4byk7qg3xivge8x1lupfrj0mb80ml, 1
qlw75u2yddi5z85idp57fkmgdipwgpsk, 1
p1wiu9djzqlgzpd70c3qgl0llj2xhpzt, 1
voo9lzn9r7dtxk8z319l8vs9uaewwkpb, 1
po7hwrtwv7hq5zqnymbfs4v83bo46je0, 1
noql355dwyn2bnce8h4vng4vzo1ikh6a, 1
nrenqtouw7gx8t8prb1h0w0nfay6ile0, 1
y7q4kpdpv25mfj44nwpv36jffyrcucgx, 1
ojrc1gz50bajzaqux9ilis9hbghkj8yw, 1
xf8mvbeq1b69e0ommx5a3vq4rpd62t9x, 1
rizwpy4ec53xri84t6g4uk7urw3908t2, 1
virwned1ua1p8uauntf0rs7jjsz3fzq1, 1
xvtwpmla6hpkod8cuie0vhyvumhie0mf, 1
yfme4tzvaod16tbsyvri7zbqhbz19kpw, 1
hrmre3me9z5vlppo1o6mwbr4u3kp1bj3, 0
wf72iyyx3arooei9p3lunfj1xnxiu794, 1
wj93gh3hfnbknln8qrt3o6m56ss2h4mz, 0
p19o5oxif2smqmhuh95zug5q1ezg6iqk, 1
te0yk4tjccxj4x7mavb11v00cvlnil4e, 1
o1hx5ma64nn186mysg9aow1ytgzl0ckl, 0
tzg0im3t2j1t08uvupk976kzzyu6wdzz, 1
vgoatg439k5yddeg4xk0jh7d7figa3di, 1
ohjeum2zpxefd9dyffah1d2erl7lvua4, 1
vulhbbqgiah7ltrg2glhzvrcrblygmqb, 1
vkl9n8yrmt2z4o3vh1uq6yher6ji6ova, 1
j6t2woc796awqoneoq71nytepxhmt56u, 0
sleywi7wn6d7rwi8ymh398nsutvge8gl, 1
rnn8qvpab2pkmqzalk5co5b44wlvbljw, 1
m8be6czxsnhmzbg1get9d4zc30d4d4g6, 1
tmu5si75qfhy9192iln472tdm07q56cs, 1
o50zwj6jvua7tddb1180po737h6ss5o1, 1
rx6tihzfc4yin336r2hu2it0eymjsbun, 1
o1vylwrvxwou9ojc161gpqnfntrrrj5u, 0
s38sz9kfl66exw9zuc2a4lp4rcyqufdp, 0
s1coniizsn2uaiyta0eznsfjcxqqji3w, 1
xexb8uhwxsrzrpwet08jjl62voyolmnd, 1
g4b5odkmohdnfnl2dlgq87y7ewtzjeey, 0
z36hxohrq937urpjp7nqlwym3vhc6d2i, 1
x6tucta79ng2ae8ojgv9popfxyiyas2l, 1
wdws1mtgdok2o48goj44e5xp933inssn, 1
oklb7juwg7uzqt4vi94s4e0ocxn48gv0, 1
t3lq6g2o5wfv2vqzppelnl5647gxnsn7, 1
vgx1l2k0t82j42zgp8lj7rdj5bj0ervo, 1
xuteo1ck5i284ikv80e600ezzgj34wut, 1
fi0pkv768qnflo2nucw35nc3dednvwww, 0
wy34zneysp4inawsxceajzhoahyoetwv, 1
ko25w60uzjthccbodhgakdv86vqrxa57, 0
fi9jiypw5xauhe9oc1sns1cbcrzu0itf, 0
udhwjmzv55q1mg9bdns4ltb0h7wt1y2f, 1
pnn227bi1ehtm1vrszxrk43b1l2vkvz7, 1
tzp148ham5vekqozbyu5qzlfxi8altfn, 1
z1c8ej0d6i7r7it5daoe35786mfdh9uu, 1
mjg7bjh7ul9186jga6ronjviaq6pd006, 1
ullprfpeqrx8jl8fxab13qvmpah3fodz, 0
w3h3l6so9hio9lfx3oz4je16mgahervp, 1
xpgqhsi0lhzkxxy86df75y78ec3crr75, 1
otwmw54bga8tmfy3zf77jshzk73ktgp8, 0
wlyot76et6vz216ncft8890cbqk0htmb, 1
u6e4zt0qth4fjei8c27vo35g0o9eq1c5, 1
w24v7b9vijcv69em8qnuj9o095tivpa4, 1
wjkfiwlpmr9s8kk42ufx6qip6cqh9d1i, 0
o39kavw1byk77hefjgm7wjz1yorfa0so, 1
wgyhv1xuynbub9i0kk9h41xbtgqefdn5, 1
siilvj3u811q8042c61a9j3ragugw9mn, 0
v9580wt80q9g17ha1ykj08mo8o82hbgu, 1
t9fm1gztcb073ksi06it5lux623l8no0, 1
ykjosrn0gc566pcvvl8ha94y2ykt2dqi, 1
sscyrgp70a6i60qz164b54fj3tdffw3i, 1
updix9pmh9sjraqz7ig4rttezdoxuwth, 1
tbvfltebb6ie59gspctibsx7wr277aoo, 1
sfn5vhy0d836k5ua3agbn96b3kv57i7d, 1
qaypfjlhx0mmkobuozgdtroz8l67elns, 1
sluktq61vbq8jq1d8fhqj29dnjj7kajo, 1
sx1w23e5g7t9am8v1ommnuk4c54ex5q2, 0
wiiagmfcjkv4gzq7gyw6wjiuic7937l9, 1
neri21vwlpg0cro1jwoc58z2z4ygmjdh, 1
rb7wu2q8x74qjdsz4i4eu4q2dqj5bk28, 1
wn6tfvejn4suvetjt3uny3qmkcebporu, 1
nz0s8ssi14sof82piu8emn1w39dtq49y, 1
